classification,Closed PnL
Extreme Greed,22.229712656210616
Fear,48.83010858497653
Greed,87.8948589207749
